Sous section ;Article;P,U
AUTRE;AMBULANCE STANDARD HYUNDAI H1;188,29
AUTRE;AMBULANCE STANDARD RENAULT TRAFIC VAN L1H1;188,29
AUTRE;COMPRESSEUR ELECTRIQUE 110 KW INGERSOLLRAND R110.IA8.5;790,7
AUTRE;COMPRESSEUR THERMIQUE 12 BARS - 14,3 M³/MIN ATLAS COPCO XAHS236;415,38
AUTRE;COMPRESSEUR THERMIQUE 20 BARS - 23,5 M³/MIN ATLAS COPCO XRHS396MD;830
AUTRE;COMPRESSEUR THERMIQUE 21 BARS DOOSAN 21/215HAT3;700
AUTRE;COMPRESSEUR THERMIQUE 21 BARS - 21,5 M³/MIN DOOSAN BOBCAT PA755P;700
AUTRE;COMPRESSEUR THERMIQUE 21 BARS - 21,5 M³/MIN DOOSAN PP 21/215-HA T3;700
AUTRE;COMPRESSEUR THERMIQUE 5 M³/MIN AIR MAN PDS 185S;165,48
AUTRE;COMPRESSEUR THERMIQUE 5 M³/MIN AIR MAN PDS 185S-6C2;165,48
AUTRE;COMPRESSEUR THERMIQUE 5 M³/MIN ATLAS COPCO XAS88;165,48
AUTRE;COMPRESSEUR THERMIQUE 5 M³/MIN ATLAS COPCO XAS88 ;165,48
AUTRE;COMPRESSEUR THERMIQUE 5 M³/MIN ATLAS COPCO XAS88KD;165,48
AUTRE;COMPRESSEUR THERMIQUE 5 M³/MIN DOOSAN 19541;165,48
AUTRE;COMPRESSEUR THERMIQUE 5 M³/MIN DOOSAN 7/51;165,48
AUTRE;COMPRESSEUR THERMIQUE 5 M³/MIN DOOSAN 7/53;165,48
AUTRE;COMPRESSEUR THERMIQUE 5 M³/MIN DOOSAN 7/71 HA;165,48
AUTRE;COMPRESSEUR THERMIQUE 5 M³/MIN DOOSAN C185;165,48
AUTRE;COMPRESSEUR THERMIQUE 7,5 M³/MIN AIR MAN PDS 265S;218,27
AUTRE;COMPRESSEUR THERMIQUE 7,5 M³/MIN AIR MAN PDS 265S-4B2;218,27
AUTRE;COMPRESSEUR THERMIQUE 7,5 M³/MIN ATLAS COPCO XAS88KD;218,27
AUTRE;COMPRESSEUR THERMIQUE 7,5 M³/MIN ATLAS COPCO XAS97;218,27
AUTRE;COMPRESSEUR THERMIQUE 7,5 M³/MIN DOOSAN 7/71;218,27
AUTRE;COMPRESSEUR THERMIQUE 7,5 M³/MIN DOOSAN P250;218,27
AUTRE;COMPRESSEUR THERMIQUE 7 BARS / 5 M³/MIN AIR MAN PDS 185S-6C2;165,48
AUTRE;COMPRESSEUR THERMIQUE 7 BARS / 5 M³/MIN BOBCAT PA185W;165,48
AUTRE;COMPRESSEUR THERMIQUE 7 BARS / 5 M³/MIN DOOSAN C185;165,48
AUTRE;COMPRESSEUR THERMIQUE 7 BARS - 5 M³/MIN AIRMAN PDS 185S-6C2;165,48
AUTRE;COMPRESSEUR THERMIQUE 7 BARS - 8 M³/MIN ATLAS COPCO XAS137DD;218,27
AUTRE;CONCASSEUR A MACHOIR ROHER 1100 X 900;1288,06
AUTRE;CONCASSEUR GIRATOIRE METSO HP300;3328,33
AUTRE;CONCASSEUR  CRIBLE 12 M² X 4 ET  ;510,93
AUTRE;CONCASSEUR  CRIBLE 12 M² X 4 ET ASSOU INDUSTRIE ;510,93
AUTRE;CONCASSEUR  CRIBLE 14,7 M² X 4 ET ASSOU INDUSTRIE ;823,2
AUTRE;CONCASSEUR  CRIBLE 16 M² X 3 ET HAVER & BOECKER NIAGARA 3 ETAGES;672
AUTRE;CONCASSEUR  CRIBLE 1 ET X 6 M X 0,6 M POWERSCREEN FM120;362,96
AUTRE;CONCASSEUR  CRIBLE 3 ET - 12 M² HAVER & BOECKER NIAGARA 3 ETAGES;510,93
AUTRE;CONCASSEUR  CRIBLE 6 M² X 4 ET ASSOU INDUSTRIE 0;336
AUTRE;CONCASSEUR PRIMAIRE 0,9 X 1 M SANDVIK CJCJ411;2607,86
AUTRE;DAME SAUTEUSE 70 KG HYUNDAI HY-70HN;49,98
AUTRE;GROUPE DE REFROIDISSEMENT FABRIQUE DE GLACE 20 T / 24 H TAMUTOM FIM 20 TON;372,6
AUTRE;GROUPE DE REFROIDISSEMENT FABRIQUE DE GLACE 5 T / 24 H - 35 HP TAMUTOM BIM 5 TON;372,05
AUTRE;GROUPE ELECTROGENE 100 KVA ATLAS COPCO QES 100 CUD;157,23
AUTRE;GROUPE ELECTROGENE 100 KVA CUMMINS C110D5S;157,23
AUTRE;GROUPE ELECTROGENE 100 KVA DEUTZ ;157,23
AUTRE;GROUPE ELECTROGENE 100 KVA HIMOINSA HDW-100 T5;157,23
AUTRE;GROUPE ELECTROGENE 100 KVA MECC ALTE SPA ECP34-2S/4;157,23
AUTRE;GROUPE ELECTROGENE 120 KVA AKSA AD132;160
AUTRE;GROUPE ELECTROGENE 120 KVA DEUTZ BF4M1013FC;160
AUTRE;GROUPE ELECTROGENE 120 KVA AKSA AD132;160
AUTRE;GROUPE ELECTROGENE 135 KVA DEUTZ GE135MN-1;170
AUTRE;GROUPE ELECTROGENE 15 KVA CUMMINS C17D5;181,1
AUTRE;GROUPE ELECTROGENE 15 KVA HIMOINSA HZA1-15C T5;181,1
AUTRE;GROUPE ELECTROGENE 150 KVA PRAMAC GSW150;162,08
AUTRE;GROUPE ELECTROGENE 150 KVA AKSA APD165BD;162,08
AUTRE;GROUPE ELECTROGENE 160 KVA AKSA AD185;165
AUTRE;GROUPE ELECTROGENE 20 KVA DEUTZ F3M2011;226,37
AUTRE;GROUPE ELECTROGENE 20 KVA HIMOINSA HYW 20-T5;226,37
AUTRE;GROUPE ELECTROGENE 20 KVA HIMOINSA HYW 20-T7;226,37
AUTRE;GROUPE ELECTROGENE 200 KVA AKSA APD220BD;213,04
AUTRE;GROUPE ELECTROGENE 20 KVA PEGASUS PEG20KVA-C-BAU;226,37
AUTRE;GROUPE ELECTROGENE 250 KVA DEUTZ GE250MN-1;225,17
AUTRE;GROUPE ELECTROGENE 250 KVA AKSA AD220;225,17
AUTRE;GROUPE ELECTROGENE 250 KVA ELECTRO DIESEL FDS250;225,17
AUTRE;GROUPE ELECTROGENE 30 KVA DEUTZ DPS30;141,86
AUTRE;GROUPE ELECTROGENE 30 KVA DEUTZ F4M2011;141,86
AUTRE;GROUPE ELECTROGENE 33 KVA AKSA AP33;141,86
AUTRE;GROUPE ELECTROGENE 33 KVA HIMOINSA HYW-35 T5;141,86
AUTRE;GROUPE ELECTROGENE 330 KVA KOHLER SDMO P126TI-II;330,96
AUTRE;GROUPE ELECTROGENE 37,5 KVA CUMMINS C38D5;128,28
AUTRE;GROUPE ELECTROGENE 40 KVA DEUTZ BF4M2011;84,75
AUTRE;GROUPE ELECTROGENE 45 KVA PERIN S6100 - 42 KVA;100,53
AUTRE;GROUPE ELECTROGENE 50 KVA HIMOINSA HSY-50-T5;102
AUTRE;GROUPE ELECTROGENE 500 KVA AKSA AD510;499,84
AUTRE;GROUPE ELECTROGENE 500 KVA AKSA AP50;499,84
AUTRE;GROUPE ELECTROGENE 500 KVA HIMOINSA HSW-500TS;499,84
AUTRE;GROUPE ELECTROGENE 500 KVA VOLVO PENTA TAD1344GE;499,84
AUTRE;GROUPE ELECTROGENE 525 KVA AKSA AD510;544
AUTRE;GROUPE ELECTROGENE 60 KVA DEUTZ GE60MN-1;104,75
AUTRE;GROUPE ELECTROGENE 80 KVA AKSA AD93;120
AUTRE;GROUPE ELECTROGENE 80 KVA  ATLAS COPCO QES80;120
AUTRE;GROUPE ELECTROGENE 85 KVA AKSA AD93;125
AUTRE;POSTE A SOUDER AUTONOME MOSA TS400SC;30
AUTRE;POSTE TRANSFORMATEUR 400 KVA NEXANS 24/400-H-G-L;218,77
AUTRE;POSTE TRANSFORMATEUR 630 KVA NEXANS 24/630-H-G-L;400
AUTRE;SCIE A CABLE 15 KW HILTI DSWS15;200
AUTRE;SCIE A CABLE 30 KW SCOMA 30KW-12P;350
AUTRE;TOUR D ECLAIRAGE 5 KVA GENERAC VTEVO;120
AUTRE;TOUR D ECLAIRAGE GIE ATLAS COPCO HILIGHT V4;120
AUTRE;TOUR D'ECLAIRAGE 3 KVA GENERAC GLT4;142,24
AUTRE;TOUR D'ECLAIRAGE 3,5 KVA LUXTOWER LUXM10;38,36
AUTRE;TOUR D'ECLAIRAGE 5 KVA ATLAS COPCO HILIGHT V5;120
AUTRE;TOUR D'ECLAIRAGE 5 KVA GENERAC VTEVO;120
AUTRE;TOUR D'ECLAIRAGE 8 KVA GENERAC VT8;135
AUTRE;TOUR D'ECLAIRAGE 8 KVA PALME PK4022;135
BETONNAGE ;BETONNIERE THERMIQUE 500 L BMTP RM1200;99,49
BETONNAGE ;CENTRALE A BETON 100 M³/H MEKA MB 100;4206,53
BETONNAGE ;CENTRALE A BETON 120 M³/H ELBA EBCD105;4311,69
BETONNAGE ;CENTRALE A BETON 120 M³/H ELBA ESM105;4311,69
BETONNAGE ;CENTRALE A BETON 60 M³/H LAMBERT RANGER 60;2084,09
BETONNAGE ;CENTRALE A BETON BCV 120 M³/H LIEBHERR BETOMIX 2.25;4311,69
BETONNAGE ;CENTRALE D'INJECTION 0,5 T O.CUOGHI LTW1000-T;767,05
BETONNAGE ;POMPE A BETON ET BETON PROJETEE 50 M³/H TURBOSOL TB50;633
BETONNAGE ;POMPE A BETON PROJETEE 30 M³/H TURBOSOL B. M. 30 D/T;500
BETONNAGE ;POMPE A BETON STATIONNAIRE 40 M³/H PUTZMEISTER BSA 1407 D;1160,95
LEVAGE ; ELEVATEUR CHARIOT FRONTAL DIESEL 7000 KG LINDE H80D-02;700
LEVAGE ;ELEVATEUR CHARIOT TELESCOPIQUE 4T / 18M BOBCAT T40180R;750
LEVAGE ;ELEVATEUR CHARIOT TELESCOPIQUE 4T / 18M MANITOU MTX1840;700
LEVAGE ;ELEVATEUR CHARIOT TELESCOPIQUE 4T / 18M MANITOU MTX1840;750
LEVAGE ;ELEVATEUR CHARIOT TELESCOPIQUE 3,5 T / 12 M JCB 535V125;354,27
LEVAGE ;ELEVATEUR CHARIOT TELESCOPIQUE 4 T BOBCAT TR40180;400
LEVAGE ;ELEVATEUR CHARIOT TELESCOPIQUE 4 T / 16,7 M BOBCAT TR40180;700
LEVAGE ;ELEVATEUR CHARIOT TELESCOPIQUE 4 T / 16,7 M JCB 540-170;700
LEVAGE ;ELEVATEUR CHARIOT TELESCOPIQUE 4 T / 16,7 M MANITOU MT1740;700
LEVAGE ;ELEVATEUR CHARIOT TELESCOPIQUE 4 T / 16,7 M MANITOU MT-X1740 SLT;700
LEVAGE ;ELEVATEUR CHARIOT TELESCOPIQUE 4 T / 18 M MANITOU MT1840;400
LEVAGE ;ELEVATEUR CHARIOT TELESCOPIQUE 4 T/ 14 M BOBCAT TR40180;400
LEVAGE ;ELEVATEUR CHARIOT TELESCOPIQUE 4T / 18M BOBCAT T40180R;750
LEVAGE ;ELEVATEUR CHARIOT TELESCOPIQUE 4T / 18M MANITOU MTX1840;750
LEVAGE ;ELEVATEUR CHARIOT TELESCOPIQUE ROTATIF 4 T / 18 M MANITOU MRT 1850;400
LEVAGE ;ELEVATEUR CHARIOT TELESCOPIQUE ROTATIF 4 T / 18 M MANITOU MRT1840;400
LEVAGE ;NACELLE ARTICULE DIESEL 40 M / 230 KG JLG 1250AJP;1120
LEVAGE ;NACELLE TELESCOPIQUE DIESEL 26 M / 230 KG XCMG XGA26K;1233,06
LEVAGE ;GRUE A TOUR 60 M - 3 T POTAIN H30/30C;1259,23
LEVAGE ;GRUE A TOUR 65 M - 1,85 T POTAIN MDT218;2111,48
LEVAGE ;GRUE A TOUR 65 M - 1,85 T POTAIN MDT218A J10;2111,48
LEVAGE ;GRUE A TOUR 65 M - 1,85 T POTAIN MDT218A J8;2111,48
LEVAGE ;GRUE A TOUR 75 M - 3T POTAIN MD365B;5310,52
LEVAGE ;GRUE A TOUR 75 M - 3T POTAIN MDT368L12;5310,52
LEVAGE ;GRUE A TOUR 75 M - 3T POTAIN MDT368L16;5310,52
LEVAGE ;GRUE A TOUR MAX 40 T / 7,2 T À 80 M XCMG XGT800-40S;10647,91
LEVAGE ;GRUE A TOUR MAX 5 T / 1,1 T À 52 M XCMG XGT5211C-5S1;2155,98
LEVAGE ;GRUE MOBILE SUR CHENILLES 280 T LIEBHERR LR1280;12409,62
LEVAGE ;GRUE MOBILE SUR PNEUS 160 T LIEBHERR LTM1160/2;6628,33
LEVAGE ;GRUE MOBILE SUR PNEUS 160 T LIEBHERR LTM1160-5.1;6628,33
LEVAGE ;GRUE MOBILE SUR PNEUS 30 T TEREX A350;1929,52
LEVAGE ;GRUE MOBILE SUR PNEUS 30 T TEREX RC30;1929,52
LEVAGE ;GRUE MOBILE SUR PNEUS 30 T TEREX RC30-1;1929,52
LEVAGE ;GRUE MOBILE SUR PNEUS 30 T XCMG XCR30;1929,52
LEVAGE ;GRUE MOBILE SUR PNEUS 35 T GROVE RT550E;2000
LEVAGE ;GRUE MOBILE SUR PNEUS 35 T TEREX A400;2000
LEVAGE ;GRUE MOBILE SUR PNEUS 35 T TEREX RT35;2000
LEVAGE ;GRUE MOBILE SUR PNEUS 40 T XCMG XCR40H;2100
LEVAGE ;GRUE MOBILE SUR PNEUS 50 T LIEBHERR A31A;2623,86
LEVAGE ;GRUE MOBILE SUR PNEUS 60 T GROVE RT765E-2;2877,7
LEVAGE ;GRUE MOBILE SUR PNEUS 60 T TEREX 1065;2877,7
LEVAGE ;GRUE MOBILE SUR PNEUS 60 T TEREX A600;2877,7
LEVAGE ;GRUE MOBILE SUR PNEUS 60 T ZOOMLION ZRT600V532-1;2877,7
LEVAGE ;GRUE MOBILE SUR PNEUS 90 T GROVE RT890E;3458,27
LEVAGE ;GRUE MOBILE SUR CHENILLE 500 T ZOOMLION ZCC5000V-1;23525,82
LEVAGE ;GRUE MOBILE SUR PNEU 110 T ZOOMLION ZRT1100-0281;3458,27
LEVAGE ;GRUE MOBILE SUR PNEU 25 T XCMG QY25K5H;1426,3
LEVAGE ;GRUE MOBILE SUR PNEU 40 T ZOOMLION ZRT400V-1;2100
LEVAGE ;GRUE MOBILE SUR PNEU 50 T ZOOMLION ZRT500V432;2623,86
LEVAGE ;GRUE MOBILE SUR PNEU 55 T XCMG XCR55L4;2750,78
LEVAGE ;GRUE MOBILE SUR PNEU 55 T XCMG XCR55L4H;2750,78
LEVAGE ;GRUE MOBILE SUR PNEU 70 T ZOOMLION ZRT700V5-1;2877,7
LEVAGE ;GRUE MOBILE SUR PNEU 70 T ZOOMLION ZRT700V532-1;2877,7
LEVAGE ;GRUE TELESCOPIQUE SUR CHENILLES 40 T XCMG XGC40T;2100
LEVAGE ;GRUE TELESCOPIQUE SUR CHENILLES 55 T XCMG XGC55T;2860
TERRASSEMENT;BULLDOZER D 6 CATERPILLAR D6 G2 XL;2060,16
TERRASSEMENT;BULLDOZER D 6 CATERPILLAR D6GC;2060,16
TERRASSEMENT;BULLDOZER D 8 KOMATSU D155 A;2987,23
TERRASSEMENT;BULLDOZER D 9 CATERPILLAR D9GC;4326,33
TERRASSEMENT;BULLDOZER D 6 CATERPILLAR D6GC;2060,16
TERRASSEMENT;CHARGEUSE 1 M³ DOOSAN MEGA 300-V;1486,98
TERRASSEMENT;CHARGEUSE 2,5 M³ CASE 621E;1156,54
TERRASSEMENT;CHARGEUSE 3,2 M³ DOOSAN DL 300;1419,2
TERRASSEMENT;CHARGEUSE 3,2 M³ DOOSAN DL300-3;1419,2
TERRASSEMENT;CHARGEUSE 3,2 M³ DOOSAN DL300A;1419,2
TERRASSEMENT;CHARGEUSE 3,2 M³ DOOSAN DL320A-7M;1419,2
TERRASSEMENT;CHARGEUSE 3,2 M³ DOOSAN DL320A-7M;1419,2
TERRASSEMENT;CHARGEUSE 4 M³ DEVELON DL420-7M;1774,31
TERRASSEMENT;CHARGEUSE 4 M³ DOOSAN DL 420 A;1774,31
TERRASSEMENT;CHARGEUSE 4 M³ DOOSAN DL420A-7M;1774,31
TERRASSEMENT;CHARGEUSE SUR PNEU 2,5 M³ DOOSAN DL250-7M;1156,54
TERRASSEMENT;MINI CHARGEUSE 0,42 M³ BOBCAT S 450B;531,26
TERRASSEMENT;MINI CHARGEUSE 0,42 M³ BOBCAT S 450B-STD;531,26
TERRASSEMENT;MINI CHARGEUSE 0,42 M³ BOBCAT S450;531,26
TERRASSEMENT;MINI CHARGEUSE 0,42 M³ BOBCAT S590;531,26
TERRASSEMENT;CHARGEUSE TRACTOPELLE 1 M³ BOBCAT  B730R;904,97
TERRASSEMENT;CHARGEUSE TRACTOPELLE 1 M³ CASE 580;904,97
TERRASSEMENT;CHARGEUSE TRACTOPELLE 1 M³ MST M542;904,97
TERRASSEMENT;CHARGEUSE TRACTOPELLE 1 M³ MST M542S;904,97
TERRASSEMENT;CHARGEUSE TRACTOPELLE 1 M³ NEW HOLLAND LB 95 B;904,97
TERRASSEMENT;CHARGEUSE TRACTOPELLE 1 M³ VOLVO BL61;904,97
TERRASSEMENT;CHARGEUSE TRACTOPELLE 1 M³ MST M542S;904,97
TERRASSEMENT;COMPACTEUR A BILLE 16 T CATERPILLAR CS74B;1079,39
TERRASSEMENT;COMPACTEUR A BILLE 17 T AMMANN ASC170;1121,91
TERRASSEMENT;COMPACTEUR A BILLE 19 T HAMM 3520;1214,95
TERRASSEMENT;COMPACTEUR A BILLE 2,25 T AMMANN ARX23;134,75
TERRASSEMENT;COMPACTEUR A BILLE 2,5 T CATERPILLAR CB2.5;134,75
TERRASSEMENT;COMPACTEUR A BILLE 2,5 T HAMM HD10VV;134,75
TERRASSEMENT;COMPACTEUR A BILLE 2,5T AMMANN ARX26;134,75
TERRASSEMENT;COMPACTEUR A BILLE 20 T HAMM 3520;1278,9
TERRASSEMENT;COMPACTEUR ROULEAU VIBRANT 0,7 T WACKER NEUSON RD7;215,23
TERRASSEMENT;COMPACTEUR ROULEAU VIBRANT 0,7 T WACKER NEUSON RD7;215,23
TERRASSEMENT;COMPACTEUR ROULEAU VIBRANT 0,7 T MIKASA MRH-700DSCB;215,23
TERRASSEMENT;COMPACTEUR ROULEAU VIBRANT 2,5 T HAMM HD10VV;514,69
TERRASSEMENT;COMPACTEUR ROULEAU VIBRANT 2,5 T HAMM HD12VV;514,69
TERRASSEMENT;COMPACTEUR ROULEAU VIBRANT 4 T HAMM HD14VV;561,47
TERRASSEMENT;DUMPER 40 T TEREX TA 400;3090,13
TERRASSEMENT;PETIT DUMPER 1,5 T UROMAC V1500;239,06
TERRASSEMENT;PETIT DUMPER 3,5 T AUSA 350-AHG;305,16
TERRASSEMENT;MACHINE DE FORATION CRAWLAIR 64 - 89 MM / 15 M FURUKAWA HCR910DS;2397,04
TERRASSEMENT;MACHINE DE FORATION 37 KW - 3,6 KM TEC SYSTEM FUTURO 50;800
TERRASSEMENT;MACHINE DE FORATION 37 KW - 3,6 KM TEC SYSTEM FUTURO F000134;800
TERRASSEMENT;MACHINE DE FORATION 50 CV TEC SYSTEM FUTURO 50;800
TERRASSEMENT;MACHINE DE FORATION SONDEUSE 37 KW - 3,6 KM TEC SYSTEM FUTURO F000166;800
TERRASSEMENT;MACHINE DE FORATION CRAWLAIR 45 - 325 MM COMACCHIO MC 8;1445,47
TERRASSEMENT;MACHINE DE FORATION SONDEUSE 116 MM - 150 M DIAMANT BOART DB 450;1517,31
TERRASSEMENT;MACHINE DE FORATION SONDEUSE 140 MM - 300 M COMACCHIO MC 600;1961,22
TERRASSEMENT;MACHINE DE FORATION SONDEUSE 140 MM - 600 M COMACCHIO MC 1200;2680,09
TERRASSEMENT;NIVELEUSE 14 T CATERPILLAR 140 H;2180,44
TERRASSEMENT;NIVELEUSE 16,5 T XCMG GR215;2647,68
TERRASSEMENT;NIVELEUSE 17 T CATERPILLAR 12 H;2647,68
TERRASSEMENT;NIVELEUSE 17 T CATERPILLAR 12 K;2647,68
TERRASSEMENT;NIVELEUSE 17 T CATERPILLAR 140 GC;2647,68
TERRASSEMENT;NIVELEUSE 17 T CATERPILLAR 140 K;2647,68
TERRASSEMENT;NIVELEUSE 17 T CATERPILLAR 140 H;2647,68
TERRASSEMENT;NIVELEUSE 17 T CATERPILLAR 140 K;2647,68
TERRASSEMENT; BRISE ROCHE HYDRAULIQUE 2,5 T SOOSAN SB125TS-P;395,06
TERRASSEMENT; BRISE ROCHE HYDRAULIQUE 3,2 T SOOSAN SQ140;475,31
TERRASSEMENT; BRISE ROCHE HYDRAULIQUE 3 T SOOSAN SB140TS-P;475,31
TERRASSEMENT;BRISE ROCHE HYDRAULIQUE 2 T MONTABERT V32;339,51
TERRASSEMENT;BRISE ROCHE HYDRAULIQUE 2 T SOOSAN SB 100 TS-P;339,51
TERRASSEMENT;BRISE ROCHE HYDRAULIQUE 2 T SOOSAN SB100TS-P;339,51
TERRASSEMENT;BRISE ROCHE HYDRAULIQUE 2,5 T SOOSAN SB125TS-P;395,06
TERRASSEMENT;BRISE ROCHE HYDRAULIQUE 2,5 T SOOSAN SB 121 TS-P;395,06
TERRASSEMENT;BRISE ROCHE HYDRAULIQUE 2,5 T SOOSAN SB121TS-P;395,06
TERRASSEMENT;BRISE ROCHE HYDRAULIQUE 3,7 T DAEMO BN480;475,31
TERRASSEMENT;BRISE ROCHE HYDRAULIQUE 3 T SOOSAN SB140TS-P;475,31
TERRASSEMENT;BRISE ROCHE HYDRAULIQUE 3 T SOOSAN SQ130;475,31
TERRASSEMENT;BRISE ROCHE HYDRAULIQUE 4 T SOOSAN SQ150;479,01
TERRASSEMENT;MINI PELLE  HYDRAULIQUE 4 T BOBCAT E45;838,31
TERRASSEMENT;MINI PELLE  HYDRAULIQUE 5 T BOBCAT 337;950
TERRASSEMENT;MINI PELLE  HYDRAULIQUE 5 T BOBCAT E50;950
TERRASSEMENT;PELLE HYDRAULIQUE SUR CHENILLE 25 T VOLVO ECR235EL;900
TERRASSEMENT;PELLE HYDRAULIQUE SUR CHENILLE 30 T DOOSAN DX 300 LCA;1081,94
TERRASSEMENT;PELLE HYDRAULIQUE SUR CHENILLE 30 T DOOSAN DX 340LCA;1081,94
TERRASSEMENT;PELLE HYDRAULIQUE SUR CHENILLE 30 T DOOSAN DX300LCA;1081,94
TERRASSEMENT;PELLE HYDRAULIQUE SUR CHENILLE 30 T DOOSAN DX300LCA;1081,94
TERRASSEMENT;PELLE HYDRAULIQUE SUR CHENILLE 34 T DOOSAN DX340LCA;1200
TERRASSEMENT;PELLE HYDRAULIQUE SUR CHENILLE 34 T DOOSAN DX 340LCA;1200
TERRASSEMENT;PELLE HYDRAULIQUE SUR CHENILLE 34 T DOOSAN DX340LAC-K;1200
TERRASSEMENT;PELLE HYDRAULIQUE SUR CHENILLE 34 T DOOSAN DX340LCA-K;1200
TERRASSEMENT;PELLE HYDRAULIQUE SUR CHENILLE 36 T DEVELON DX360LCA-7M;1300
TERRASSEMENT;PELLE HYDRAULIQUE SUR CHENILLE 36 T DOOSAN DX360LCA-7M;1300
TERRASSEMENT;PELLE HYDRAULIQUE SUR CHENILLE 40 T DOOSAN DX 420 LCA;1600
TERRASSEMENT;PELLE HYDRAULIQUE SUR CHENILLE 45 T DOOSAN DX450LCA-7M;2110,33
TERRASSEMENT;PELLE HYDRAULIQUE SUR CHENILLE 45 T DEVELON DX450LCA-7M;2110,33
TERRASSEMENT;PELLE HYDRAULIQUE SUR CHENILLE 45 T DOOSAN DX450LCA-7M;2110,33
TERRASSEMENT;PELLE HYDRAULIQUE SUR CHENILLE 45 T VOLVO DX450LCA-7M;2110,33
TERRASSEMENT;PELLE HYDRAULIQUE SUR CHENILLE 50 T DOOSAN DX 520 LCA;2136,96
TERRASSEMENT;PELLE HYDRAULIQUE SUR CHENILLE 50 T DOOSAN DX520LCA-K;2136,96
TERRASSEMENT;PELLE HYDRAULIQUE SUR CHENILLE 50 T HITACHI ZX470LCH-5G;2136,96
TERRASSEMENT;PELLE HYDRAULIQUE SUR CHENILLE 50 T HITACHI ZX490LCH-7G;2136,96
TERRASSEMENT;PELLE HYDRAULIQUE SUR CHENILLE 50 T VOLVO EC480D;2136,96
TERRASSEMENT;PELLE HYDRAULIQUE SUR CHENILLE 50 T VOLVO EC480DL;2136,96
TERRASSEMENT;PELLE HYDRAULIQUE SUR CHENILLE 50 T HITACHI ZX490LCH-7G;2136,96
TERRASSEMENT;PELLE HYDRAULIQUE SUR CHENILLE 50 T VOLVO EC480D;2136,96
TERRASSEMENT;PELLE HYDRAULIQUE SUR CHENILLE 51 T DOOSAN DX530LC-7M-T3;2350,66
TERRASSEMENT;PELLE HYDRAULIQUE SUR PNEUS 20 T CATERPILLAR M320D2;1311
TERRASSEMENT;PELLE HYDRAULIQUE SUR PNEUS 20 T DOOSAN ;1311,1
TERRASSEMENT;PELLE HYDRAULIQUE SUR PNEUS 20 T DOOSAN DX190WA;1311
TERRASSEMENT;PELLE HYDRAULIQUE SUR PNEUS 20 T DOOSAN DX190WA;1311,1
TERRASSEMENT;PELLE HYDRAULIQUE SUR PNEUS 20 T HYUNDAI R 200W-7;1311,1
TERRASSEMENT;PELLE HYDRAULIQUE SUR PNEUS 20 T CATERPILLAR M320;1311,1
TERRASSEMENT;PELLE HYDRAULIQUE SUR PNEUS 20 T DOOSAN DX190WA;1311
TERRASSEMENT;PELLE HYDRAULIQUE SUR PNEUS 20 T DOOSAN DX19WA;1311
TERRASSEMENT;PELLE HYDRAULIQUE SUR CHENILLE 50 T CATERPILLAR 350-06;2136,96
TERRASSEMENT;PELLE HYDRAULIQUE SUR CHENILLE 50 T VOLVO EC480D;2136,96
TERRASSEMENT;TRACTOPELLE 1 M³ MST M542S;904,97
TRANSPORT;BUS 21 PASSAGERS FORD TRANSIT;353,6
TRANSPORT;BUS 40 PASSAGERS KING LONG L1EBF;599,17
TRANSPORT;BUS 50 PASSAGERS ASHOK LEYLAND F/P/4/W/S;748,97
TRANSPORT;BUS 50 PASSAGERS MAN R39;748,97
TRANSPORT;BUS 50 PASSAGERS NEOPLAN P21;748,97
TRANSPORT;BUS 50 PASSAGERS SCANIA F94HB4 X 2NZ220;748,97
TRANSPORT;BUS 50 PASSAGERS VOLVO B11R;748,97
TRANSPORT;CAMION AMPLIROLL STANDARD ISUZU FTR33M;647,9
TRANSPORT;CAMION BENNE 6 X 4 IVECO AD380T38H 6X4;739,38
TRANSPORT;CAMION BENNE 8 X 4 IVECO 410T42H;1048,94
TRANSPORT;CAMION BENNE 8 X 4 MAN TGS41.420;1048,94
TRANSPORT;CAMION BENNE 8 X 4 MAN TGS41.480;1048,94
TRANSPORT;CAMION BENNE 8 X 4 MERCEDES 4140;1048,94
TRANSPORT;CAMION BENNE 8 X 4 SCANIA P380CB8 X 4HNZ;1048,94
TRANSPORT;CAMION BENNE 8 X 4 SCANIA P400;1048,94
TRANSPORT;CAMION BENNE 8 X 4 SCANIA P410B8 X 4HZ;1048,94
TRANSPORT;CAMION CITERNE A EAU 10 T IVECO ML180E24H;554,29
TRANSPORT;CAMION CITERNE A EAU 10 T IVECO ML180E28;554,29
TRANSPORT;CAMION CITERNE A EAU 16 T ISUZU FTR34P;600
TRANSPORT;CAMION CITERNE A EAU 18 T ISUZU FVR34P;578,67
TRANSPORT;CAMION CITERNE A EAU 18 T ISUZU FVR34P;600
TRANSPORT;CAMION CITERNE A GASOIL 10 T ISUZU FTR34P;326,43
TRANSPORT;CAMION CITERNE A GASOIL 16 T ISUZU FTR34P;554,29
TRANSPORT;CAMION CITERNE A GASOIL 16 T ISUZU FVR33G;554,29
TRANSPORT;CAMION CITERNE A GASOIL 18 T ISUZU FVR34P;578,67
TRANSPORT;CAMION CITERNE A GASOIL 18 T VOLVO TH40A;578,67
TRANSPORT;CAMION DE SERVITUDE 18 T ISUZU FVR34P;540,99
TRANSPORT;CAMION D'ENTRETIEN 16 T ISUZU FTR34P;1388,91
TRANSPORT;CAMION D'ENTRETIEN 18 T ISUZU FVR34P;1562,52
TRANSPORT;CAMION D'ENTRETIEN 18 T SITRAK 1AM;540,99
TRANSPORT;CAMION D'ENTRETIEN 7,5 T ISUZU NPR75K;880,62
TRANSPORT;CAMION D'ENTRETIEN 7,5 T IVECO ML180E28;880,62
TRANSPORT;CAMION GRUE 1T À 7,4 M ISUZU/PALFINGER NPR75L;2500
TRANSPORT;CAMION MALAXEUR 10 M³ MAN TGS 41.360;1048,21
TRANSPORT;CAMION MALAXEUR 10 M³ MERCEDES 3240;1048,21
TRANSPORT;CAMION MALAXEUR 10 M³ MERCEDES 3240B/45;1048,21
TRANSPORT;CAMION MALAXEUR 10 M³ MERCEDES 4141B;1048,21
TRANSPORT;CAMION MALAXEUR 10 M³ SINOTRUCK C7H-440;1048,21
TRANSPORT;CAMION MALAXEUR 12 M³ SCANIA P410B8X4HZ;1500
TRANSPORT;CAMION MALAXEUR 12 M³ SITRAK C7H-440;1500
TRANSPORT;CAMION MALAXEUR 14 M³ SITRAK C7H-440;1500
TRANSPORT;CAMION PLATEAU 18 T ISUZU FVR34P;650
TRANSPORT;CAMION PLATEAU 25 T MERCEDES 2040S;803,11
TRANSPORT;CAMION POMPE A BETON 36 M MAN TGA33 360;1861,55
TRANSPORT;CAMION POMPE A BETON 39 M MAN/SCHWING TGS 33360/SA 18.881;2700
TRANSPORT;CAMION POMPE A BETON 42 M CIFA PA1506/909;3591,08
TRANSPORT;CAMION POMPE A BETON 52 M MAN C7H 6x4;3592,38
TRANSPORT;CAMION POMPE A BETON 52 M MERCEDES AROCS 3343 6X4;3592,38
TRANSPORT;CAMION POMPE A BETON 52 M SITRAK C7-H (6X4);3592,38
TRANSPORT;CAMION POMPE A BETON 52 M SITRAK C7H 6X4;3592,38
TRANSPORT;CAMION SEMI BENNE 40 T SCANIA P4X200;866,5
TRANSPORT;CAMION SEMI BENNE STANDARD MERCEDES 2031S;866,5
TRANSPORT;CAMION SEMI BENNE STANDARD SCANIA R124GA4X2NZ360;866,5
TRANSPORT;CAMION SERVITUDE 19 T ISUZU FTR34P;571,05
TRANSPORT;CAMION SERVITUDE 3,5 T ISUZU NNR85H;280
TRANSPORT;CAMION SERVITUDE 7 T ISUZU FTR33M;320
TRANSPORT;CAMION SERVITUDE 7 T MERCEDES 1520;320
TRANSPORT;REMORQUE BENNE 22 M³ LOCAL BENNE STANDARD;310,17
TRANSPORT;REMORQUE CITERNE A CIMENT 28000 L SAITEK CC1202;100
TRANSPORT;VEHICULE PICK UP 1,5 T HYUNDAI H100;178,96
TRANSPORT;VEHICULE PICK UP 1,5 T MITSUBISHI L200 DC;178,96
TRANSPORT;VEHICULE PICK UP 1,5 T TOYOTA HILUX;178,96
TRANSPORT;VEHICULE PICK UP 1,5 T TOYOTA HILUX 2,4 D;178,96
TRANSPORT;VEHICULE PICK UP 1,5 T TOYOTA HILUX D4D 2,5 DOUBLE CABINE;178,96
TRANSPORT;VEHICULE PICK UP 1,5 T TOYOTA HILUX D4D 2500;178,96
TRANSPORT;VEHICULE PICK UP 1,5 T TOYOTA HILUX IMV1;178,96
TRANSPORT;VEHICULE PICK UP 3,5 T FORD TRANSIT;178,96
